{
    "avg_iteration_time": 2.021839542388916,
    "max_iteration_time": 12.57286548614502,
    "min_iteration_time": 0.6365175247192383,
    "perf_metrics": [
        {
            "perf_metric_name": "avg_iteration_time",
            "perf_metric_type": "LATENCY",
            "perf_metric_value": 2.021839542388916
        }
    ],
    "success": 1,
    "total_time": 202.18426513671875
}
