{
    "1_1_actor_calls_async": [
        8800.427730158013,
        36.223623396222685
    ],
    "1_1_actor_calls_concurrent": [
        5865.397061228082,
        68.75238757761466
    ],
    "1_1_actor_calls_sync": [
        2535.388073722907,
        32.070659004824826
    ],
    "1_1_async_actor_calls_async": [
        2648.5500024856933,
        26.31656125886098
    ],
    "1_1_async_actor_calls_sync": [
        1421.2696943808096,
        18.823898428722213
    ],
    "1_1_async_actor_calls_with_args_async": [
        2030.1629571878793,
        189.23064432471912
    ],
    "1_n_actor_calls_async": [
        10780.738927109676,
        657.0192280115587
    ],
    "1_n_async_actor_calls_async": [
        10083.448338538143,
        81.75618375286092
    ],
    "client__1_1_actor_calls_async": [
        1090.3106905568332,
        12.258577675441327
    ],
    "client__1_1_actor_calls_concurrent": [
        1088.4233539685285,
        7.655581294897306
    ],
    "client__1_1_actor_calls_sync": [
        544.6141390853948,
        9.738649520577292
    ],
    "client__get_calls": [
        1145.893243863668,
        53.428375375783794
    ],
    "client__put_calls": [
        942.8679681774737,
        23.22044043624574
    ],
    "client__put_gigabytes": [
        0.1318589054155605,
        0.004097331208760172
    ],
    "client__tasks_and_get_batch": [
        0.9153471602535543,
        0.025811316969580465
    ],
    "client__tasks_and_put_batch": [
        12208.179616576504,
        272.4979507386154
    ],
    "multi_client_put_calls_Plasma_Store": [
        12708.149426970602,
        363.7186761125336
    ],
    "multi_client_put_gigabytes": [
        37.99658330316939,
        3.0917693645643727
    ],
    "multi_client_tasks_async": [
        32255.736635256915,
        1530.9970078597387
    ],
    "n_n_actor_calls_async": [
        33643.82696985579,
        731.6103138799597
    ],
    "n_n_actor_calls_with_arg_async": [
        2875.0023179731866,
        33.511473833130026
    ],
    "n_n_async_actor_calls_async": [
        27269.770014724967,
        622.4174851722217
    ],
    "perf_metrics": [
        {
            "perf_metric_name": "single_client_get_calls_Plasma_Store",
            "perf_metric_type": "THROUGHPUT",
            "perf_metric_value": 6333.131505556387
        },
        {
            "perf_metric_name": "single_client_put_calls_Plasma_Store",
            "perf_metric_type": "THROUGHPUT",
            "perf_metric_value": 5905.503832611904
        },
        {
            "perf_metric_name": "multi_client_put_calls_Plasma_Store",
            "perf_metric_type": "THROUGHPUT",
            "perf_metric_value": 12708.149426970602
        },
        {
            "perf_metric_name": "single_client_put_gigabytes",
            "perf_metric_type": "THROUGHPUT",
            "perf_metric_value": 18.23946835708829
        },
        {
            "perf_metric_name": "single_client_tasks_and_get_batch",
            "perf_metric_type": "THROUGHPUT",
            "perf_metric_value": 11.371336522886866
        },
        {
            "perf_metric_name": "multi_client_put_gigabytes",
            "perf_metric_type": "THROUGHPUT",
            "perf_metric_value": 37.99658330316939
        },
        {
            "perf_metric_name": "single_client_get_object_containing_10k_refs",
            "perf_metric_type": "THROUGHPUT",
            "perf_metric_value": 13.877208194685647
        },
        {
            "perf_metric_name": "single_client_wait_1k_refs",
            "perf_metric_type": "THROUGHPUT",
            "perf_metric_value": 5.130885907791983
        },
        {
            "perf_metric_name": "single_client_tasks_sync",
            "perf_metric_type": "THROUGHPUT",
            "perf_metric_value": 1355.438057654529
        },
        {
            "perf_metric_name": "single_client_tasks_async",
            "perf_metric_type": "THROUGHPUT",
            "perf_metric_value": 11219.938940788164
        },
        {
            "perf_metric_name": "multi_client_tasks_async",
            "perf_metric_type": "THROUGHPUT",
            "perf_metric_value": 32255.736635256915
        },
        {
            "perf_metric_name": "1_1_actor_calls_sync",
            "perf_metric_type": "THROUGHPUT",
            "perf_metric_value": 2535.388073722907
        },
        {
            "perf_metric_name": "1_1_actor_calls_async",
            "perf_metric_type": "THROUGHPUT",
            "perf_metric_value": 8800.427730158013
        },
        {
            "perf_metric_name": "1_1_actor_calls_concurrent",
            "perf_metric_type": "THROUGHPUT",
            "perf_metric_value": 5865.397061228082
        },
        {
            "perf_metric_name": "1_n_actor_calls_async",
            "perf_metric_type": "THROUGHPUT",
            "perf_metric_value": 10780.738927109676
        },
        {
            "perf_metric_name": "n_n_actor_calls_async",
            "perf_metric_type": "THROUGHPUT",
            "perf_metric_value": 33643.82696985579
        },
        {
            "perf_metric_name": "n_n_actor_calls_with_arg_async",
            "perf_metric_type": "THROUGHPUT",
            "perf_metric_value": 2875.0023179731866
        },
        {
            "perf_metric_name": "1_1_async_actor_calls_sync",
            "perf_metric_type": "THROUGHPUT",
            "perf_metric_value": 1421.2696943808096
        },
        {
            "perf_metric_name": "1_1_async_actor_calls_async",
            "perf_metric_type": "THROUGHPUT",
            "perf_metric_value": 2648.5500024856933
        },
        {
            "perf_metric_name": "1_1_async_actor_calls_with_args_async",
            "perf_metric_type": "THROUGHPUT",
            "perf_metric_value": 2030.1629571878793
        },
        {
            "perf_metric_name": "1_n_async_actor_calls_async",
            "perf_metric_type": "THROUGHPUT",
            "perf_metric_value": 10083.448338538143
        },
        {
            "perf_metric_name": "n_n_async_actor_calls_async",
            "perf_metric_type": "THROUGHPUT",
            "perf_metric_value": 27269.770014724967
        },
        {
            "perf_metric_name": "placement_group_create/removal",
            "perf_metric_type": "THROUGHPUT",
            "perf_metric_value": 981.4762218245539
        },
        {
            "perf_metric_name": "client__get_calls",
            "perf_metric_type": "THROUGHPUT",
            "perf_metric_value": 1145.893243863668
        },
        {
            "perf_metric_name": "client__put_calls",
            "perf_metric_type": "THROUGHPUT",
            "perf_metric_value": 942.8679681774737
        },
        {
            "perf_metric_name": "client__put_gigabytes",
            "perf_metric_type": "THROUGHPUT",
            "perf_metric_value": 0.1318589054155605
        },
        {
            "perf_metric_name": "client__tasks_and_put_batch",
            "perf_metric_type": "THROUGHPUT",
            "perf_metric_value": 12208.179616576504
        },
        {
            "perf_metric_name": "client__1_1_actor_calls_sync",
            "perf_metric_type": "THROUGHPUT",
            "perf_metric_value": 544.6141390853948
        },
        {
            "perf_metric_name": "client__1_1_actor_calls_async",
            "perf_metric_type": "THROUGHPUT",
            "perf_metric_value": 1090.3106905568332
        },
        {
            "perf_metric_name": "client__1_1_actor_calls_concurrent",
            "perf_metric_type": "THROUGHPUT",
            "perf_metric_value": 1088.4233539685285
        },
        {
            "perf_metric_name": "client__tasks_and_get_batch",
            "perf_metric_type": "THROUGHPUT",
            "perf_metric_value": 0.9153471602535543
        }
    ],
    "placement_group_create/removal": [
        981.4762218245539,
        13.926666451798063
    ],